-- start_ignore
-- end_ignore
-- @description query01 for JDBC writable query
SET timezone='utc';
SET

INSERT INTO pxf_jdbc_datetime_writable_date_wide_range_on SELECT * FROM gpdb_types_with_date_wide_range;
INSERT 0 27

INSERT INTO pxf_jdbc_datetime_writable_date_wide_range_off SELECT * FROM gpdb_types_with_date_wide_range;
INSERT 0 27

SELECT tm, dt, tmz FROM datetime_writable_with_date_wide_range_on ORDER BY t1;
           tm           |      dt       |            tmz            
------------------------+---------------+---------------------------
 2013-07-13 21:00:00    | 2015-03-06    | 2013-07-13 17:00:00+00
 2013-07-22 21:00:00    | 2015-03-14    | 2013-07-22 08:00:00+00
 2013-07-23 21:00:00    | 2015-03-15    | 2013-07-23 07:00:00+00
 2013-07-23 21:00:00 BC | 2013-03-16 BC | 2013-07-23 12:00:00+00 BC
 2013-07-23 21:00:00    | 2015-03-17    | 2013-07-23 12:00:00+00
 4713-07-23 21:00:00 BC | 4713-03-18 BC | 4713-07-23 12:00:00+00 BC
 294276-07-24 21:00:00  | 294276-03-19  | 294276-07-24 12:00:00+00
                        | 0001-03-20 BC | 0001-07-18 21:00:00+00 BC
 0001-07-23 21:00:00    | 0001-03-21    | 0001-07-23 12:00:00+00
 0001-07-23 21:00:00 BC | 2015-03-22    | 2013-07-23 01:00:00+00
 2013-07-23 21:00:00    | 2015-03-23    | 2013-07-23 02:00:00+00
 2013-07-13 21:00:00    | 2015-03-06    | 2013-07-14 16:00:00+00
 2013-07-23 21:00:00    | 2015-03-24    | 2013-07-23 03:00:00+00
 2013-07-23 21:00:00    | 2015-03-25    | 2013-07-24 00:00:00+00
 2013-07-23 21:00:00    |               | 2013-07-23 23:00:00+00
 2013-07-23 21:00:00    | 2015-03-26    | 2013-07-23 22:00:00+00
 2013-07-23 21:00:00    | 2015-03-27    | 2013-07-23 12:00:00+00
 2013-07-23 21:00:00    | 2015-03-28    | 2013-07-23 12:00:00+00
 2013-07-23 21:00:00    | 2015-03-29    | 2013-07-23 12:00:00+00
 2013-07-23 21:00:00    | 2015-03-30    | 
 2013-07-15 21:00:00    | 2015-03-07    | 2013-07-15 15:00:00+00
 2013-07-16 21:00:00    | 2015-03-08    | 2013-07-16 14:00:00+00
 2013-07-17 21:00:00    | 2015-03-09    | 2013-07-17 13:00:00+00
 2013-07-18 21:00:00    | 2015-03-10    | 2013-07-18 12:00:00+00
 2013-07-19 21:00:00    | 2015-03-11    | 2013-07-19 11:00:00+00
 2013-07-20 21:00:00    | 2015-03-12    | 2013-07-20 10:00:00+00
 2013-07-21 21:00:00    | 2015-03-13    | 2013-07-21 09:00:00+00
(27 rows)

SELECT tm, dt, tmz FROM datetime_writable_with_date_wide_range_off ORDER BY t1;
           tm           |      dt       |            tmz            
------------------------+---------------+---------------------------
 2013-07-13 21:00:00    | 2015-03-06    | 2013-07-13 17:00:00+00
 2013-07-22 21:00:00    | 2015-03-14    | 2013-07-22 08:00:00+00
 2013-07-23 21:00:00    | 2015-03-15    | 2013-07-23 07:00:00+00
 2013-07-23 21:00:00 BC | 2013-03-16 BC | 2013-07-23 12:00:00+00 BC
 2013-07-23 21:00:00    | 2015-03-17    | 2013-07-23 12:00:00+00
 4713-07-23 21:00:00 BC | 4713-03-18 BC | 4713-07-23 12:00:00+00 BC
 294276-07-24 21:00:00  | 294276-03-19  | 294276-07-24 12:00:00+00
                        | 0001-03-20 BC | 0001-07-18 21:00:00+00 BC
 0001-07-23 21:00:00    | 0001-03-21    | 0001-07-23 12:00:00+00
 0001-07-23 21:00:00 BC | 2015-03-22    | 2013-07-23 01:00:00+00
 2013-07-23 21:00:00    | 2015-03-23    | 2013-07-23 02:00:00+00
 2013-07-13 21:00:00    | 2015-03-06    | 2013-07-14 16:00:00+00
 2013-07-23 21:00:00    | 2015-03-24    | 2013-07-23 03:00:00+00
 2013-07-23 21:00:00    | 2015-03-25    | 2013-07-24 00:00:00+00
 2013-07-23 21:00:00    |               | 2013-07-23 23:00:00+00
 2013-07-23 21:00:00    | 2015-03-26    | 2013-07-23 22:00:00+00
 2013-07-23 21:00:00    | 2015-03-27    | 2013-07-23 12:00:00+00
 2013-07-23 21:00:00    | 2015-03-28    | 2013-07-23 12:00:00+00
 2013-07-23 21:00:00    | 2015-03-29    | 2013-07-23 12:00:00+00
 2013-07-23 21:00:00    | 2015-03-30    | 
 2013-07-15 21:00:00    | 2015-03-07    | 2013-07-15 15:00:00+00
 2013-07-16 21:00:00    | 2015-03-08    | 2013-07-16 14:00:00+00
 2013-07-17 21:00:00    | 2015-03-09    | 2013-07-17 13:00:00+00
 2013-07-18 21:00:00    | 2015-03-10    | 2013-07-18 12:00:00+00
 2013-07-19 21:00:00    | 2015-03-11    | 2013-07-19 11:00:00+00
 2013-07-20 21:00:00    | 2015-03-12    | 2013-07-20 10:00:00+00
 2013-07-21 21:00:00    | 2015-03-13    | 2013-07-21 09:00:00+00
(27 rows)

